id,Name,Address,Email,Phone
2,Tania Clarke,9936 MIAMI GARDENS FL,tania@aol.com,(509)956-5725
3,Deanne Curran,9937 MIAMI GARDENS FL,deanne@aol.com,(509)956-5726
4,Humairaa Walker,9938 MIAMI GARDENS FL,humairaa@aol.com,(509)956-5727
5,Leah Larsen,9939 MIAMI GARDENS FL,leah@aol.com,(509)956-5728
6,Evie-Mae Conroy,9940 MIAMI GARDENS FL,evie@aol.com,(509)956-5729
7,Patricia Weber,9941 MIAMI GARDENS FL,patricia@aol.com,(509)956-5730
8,Elsie-Rose Freeman,9942 MIAMI GARDENS FL,elsie@aol.com,(509)956-5731
9,Zeenat Alcock,9943 MIAMI GARDENS FL,zeenat@aol.com,(509)956-5732
10,Alaw Guest,9944 MIAMI GARDENS FL,alaw@aol.com,(509)956-5733
11,Milly Brock,9945 MIAMI GARDENS FL,milly@aol.com,(509)956-5734
12,Aleksandra Mcdonnell,9946 MIAMI GARDENS FL,aleksandra@aol.com,(509)956-5735
13,Dru Read,9947 MIAMI GARDENS FL,dru@aol.com,(509)956-5736
14,Maisha Mcpherson,9948 MIAMI GARDENS FL,maisha@aol.com,(509)956-5737
15,Vikki Carpenter,9949 MIAMI GARDENS FL,vikki@aol.com,(509)956-5738
16,Maisie Thompson,9950 ORLANDO FL,maisie@aol.com,(509)956-5739
17,Missy Browne,9951 ORLANDO FL,missy@aol.com,(509)956-5740
18,Gracie-Leigh Corrigan,9952 ORLANDO FL,gracie@aol.com,(509)956-5741
19,Beverly Walls,9953 ORLANDO FL,beverly@aol.com,(509)956-5742
20,Eliza Woodley,9954 ORLANDO FL,eliza@aol.com,(509)956-5743
21,Sadiyah Sanderson,9955 ORLANDO FL,sadiyah@aol.com,(509)956-5744
22,Eadie Mcculloch,9956 ORLANDO FL,eadie@aol.com,(509)956-5745
23,Heena Kumar,9957 ORLANDO FL,heena@aol.com,(509)956-5746
24,Darla Rahman,9958 ORLANDO FL,darla@aol.com,(509)956-5747
25,Nia Hanna,9959 ORLANDO FL,nia@aol.com,(509)956-5748
26,Willow Tate,9960 ORLANDO FL,willow@aol.com,(509)956-5749
27,Sherri Mcarthur,9961 PORT STE LUCIE FL,sherri@aol.com,(509)956-5750
28,Katlyn Turner,9962 PORT STE LUCIE FL,katlyn@aol.com,(509)956-5751
29,Gabriella Leach,9963 PORT STE LUCIE FL,gabriella@aol.com,(509)956-5752
30,Reegan Huber,9964 PORT STE LUCIE FL,reegan@aol.com,(509)956-5753
31,Amie Whitehead,9965 PORT STE LUCIE FL,amie@aol.com,(509)956-5754
32,Heather Markham,9966 PORT STE LUCIE FL,heather@aol.com,(509)956-5755
33,Saffron Watson,9967 PORT STE LUCIE FL,saffron@aol.com,(509)956-5756
34,Taya Patton,9968 PORT STE LUCIE FL,taya@aol.com,(509)956-5757
35,Abigale Rose,9969 PORT STE LUCIE FL,abigale@aol.com,(509)956-5758
36,Harris Cantrell,9970 PORT STE LUCIE FL,harris@aol.com,(509)956-5759
37,Melina Chen,9971 PORT STE LUCIE FL,melina@aol.com,(509)956-5760
38,Lidia Boyd,9972 PORT STE LUCIE FL,lidia@aol.com,(509)956-5761
39,Hareem Lowe,9973 PORT STE LUCIE FL,hareem@aol.com,(509)956-5762
40,Kaydee Woodcock,9974 PORT STE LUCIE FL,kaydee@aol.com,(509)956-5763
41,Aiyla Goodwin,9975 PORT STE LUCIE FL,aiyla@aol.com,(509)956-5764
42,Charity Prentice,9976 PORT STE LUCIE FL,charity@aol.com,(509)956-5765
43,Rachael Downes,9977 PORT STE LUCIE FL,rachael@aol.com,(509)956-5766
44,Tiah Rowley,9978 PORT STE LUCIE FL,tiah@aol.com,(509)956-5767
45,Amelia-Grace Dotson,9979 PORT STE LUCIE FL,amelia@aol.com,(509)956-5768
46,Romana Sinclair,9980 PORT STE LUCIE FL,romana@aol.com,(509)956-5769
47,Vivian Ratliff,9981 PORT STE LUCIE FL,vivian@aol.com,(509)956-5770
48,Elen Martinez,9982 PORT STE LUCIE FL,elen@aol.com,(509)956-5771
49,Shanaya Saunders,9983 PORT STE LUCIE FL,shanaya@aol.com,(509)956-5772
50,Monika Travis,9984 CALIFORNIA,monika@aol.com,(509)956-5773
51,Rima Evans,9985 CALIFORNIA,rima@aol.com,(509)956-5774
52,Inaaya Schroeder,9986 CALIFORNIA,inaaya@aol.com,(509)956-5775
53,Eilidh White,9987 CALIFORNIA,eilidh@aol.com,(509)956-5776
54,Emerson Crosby,9988 CALIFORNIA,emerson@aol.com,(509)956-5777
55,Alishia Millar,9989 CALIFORNIA,alishia@aol.com,(509)956-5778
56,Dillon Randall,9990 CALIFORNIA,dillon@aol.com,(509)956-5779
57,Keira Deleon,9991 CALIFORNIA,keira@aol.com,(509)956-5780
58,Izabelle Joyner,9992 CALIFORNIA,izabelle@aol.com,(509)956-5781
59,Estelle Marsh,9993 CALIFORNIA,estelle@aol.com,(509)956-5782
60,Anisha Fountain,9994 CALIFORNIA,anisha@aol.com,(509)956-5783
61,Louie Newton,9995 CALIFORNIA,louie@aol.com,(509)956-5784
62,Fahima Blackmore,9996 CALIFORNIA,fahima@aol.com,(509)956-5785
63,Primrose Lees,9997 CALIFORNIA,primrose@aol.com,(509)956-5786
64,Nela Cline,9998 LAS VEGAS,nela@aol.com,(509)956-5787
65,Jazmin Crouch,33468 LAS VEGAS,jazmin@aol.com,(509)956-5788
66,Brianna Boone,33469 LAS VEGAS,brianna@aol.com,(509)956-5789
67,Anastasia Ball,33470 LAS VEGAS,anastasia@aol.com,(509)956-5790
68,Gracie Calhoun,33471 LAS VEGAS,gracie@aol.com,(509)956-5791
69,Taslima Barlow,33472 LAS VEGAS,taslima@aol.com,(509)956-5792
70,Amber-Rose Daugherty,33473 LAS VEGAS,amber@aol.com,(509)956-5793
71,Farrell Rich,33474 LAS VEGAS,farrell@aol.com,(509)956-5794
72,Inaya Shea,33475 LAS VEGAS,inaya@aol.com,(509)956-5795
73,Zain Clark,33476 LAS VEGAS,zain@aol.com,(509)956-5796
74,Catrina Elliott,33477 LAS VEGAS,catrina@aol.com,(509)956-5797
75,Veronica Stone,33478 LAS VEGAS,veronica@aol.com,(509)956-5798
76,Ihsan Russell,33479 LAS VEGAS,ihsan@aol.com,(509)956-5799
77,Cadi Johnston,33480 LAS VEGAS,cadi@aol.com,(509)956-5800
78,Aliesha Firth,33481 LAS VEGAS,aliesha@aol.com,(509)956-5801
79,Ellesha Zimmerman,33482 LAS VEGAS,ellesha@aol.com,(509)956-5802
80,Mamie Kouma,33483 LAS VEGAS,mamie@aol.com,(509)956-5803
81,Aroush Dennis,33484 LAS VEGAS,aroush@aol.com,(509)956-5804
82,Siya Espinosa,33485 LAS VEGAS,siya@aol.com,(509)956-5805
83,Madiha Collins,33486 LAS VEGAS,madiha@aol.com,(509)956-5806
84,Jerry Ridley,33487 LAS VEGAS,jerry@aol.com,(509)956-5807
85,Isabella-Rose Hodson,33488 LAS VEGAS,isabella@aol.com,(509)956-5808
86,Syed Santana,33489 LAS VEGAS,syed@aol.com,(509)956-5809
87,Jaydon Kemp,33490 LAS VEGAS,jaydon@aol.com,(509)956-5810
88,Marguerite Driscoll,33491 LAS VEGAS,marguerite@aol.com,(509)956-5811
89,Adina Andersen,33492 LAS VEGAS,adina@aol.com,(509)956-5812
90,Lara Soto,33493 LAS VEGAS,lara@aol.com,(509)956-5813
91,Georgiana Michael,33494 LAS VEGAS,georgiana@aol.com,(509)956-5814
92,Hanifa Whitley,33495 LAS VEGAS,hanifa@aol.com,(509)956-5815
93,Cataleya Patterson,33496 LAS VEGAS,cataleya@aol.com,(509)956-5816
94,Trinity Jones,33497 LAS VEGAS,trinity@aol.com,(509)956-5817
95,Glen Herrera,33498 LAS VEGAS,glen@aol.com,(509)956-5818
96,Lina Villa,33499 LAS VEGAS,lina@aol.com,(509)956-5819
97,Fariha Stott,33500 LAS VEGAS,fariha@aol.com,(509)956-5820
98,Tabatha Holman,33501 LAS VEGAS,tabatha@aol.com,(509)956-5821
99,Willie Herbert,33502 LAS VEGAS,willie@aol.com,(509)956-5822
100,Isma Henry,33503 LAS VEGAS,isma@aol.com,(509)956-5823
101,Elysha Odling,33504 LAS VEGAS,elysha@aol.com,(509)956-5824
102,,,,
103,,,,
104,,,,
105,,,,
